AnnualRevenue,BillingCity,BillingCountry,CustomerPriority__c,DandbCompanyId
"1.39E8","Austin","null","Medium","null"
"3.5E8","Burlington","USA","null","null"
"9.5E8","Paris","France","null","null"
"5.0E7","Lawrence","USA","Low","null"
"5.6E9","New York","null","High","null"
"9.5E8","Portland","null","Medium","null"
"null","Tucson","null","Medium","null"
"null","null","null","High","null"
"null","Singapore","null","High","null"
"3.0E7","Mountain View","null","Low","null"
"null","San Francisco","US","null","null"
"null","framingham","United States","null","null"
"null","boston","null","null","null"
"null","boston","null","null","null"
"null","waltham","United States","null","null"
"null","framingham","United States","null","null"
"null","framingham","United States","null","null"
"null","framingham","United States","null","null"
"null","framingham","United States","null","null"
"null","waltham","United States","null","null"
"null","waltham","United States","null","null"
"null","waltham","United States","null","null"
"null","waltham","United States","null","null"
"null","framingham","United States","null","null"
"null","framingham","United States","null","null"
"null","framingham","United States","null","null"
"null","framingham","United States","null","null"
"null","framingham","United States","null","null"
"null","waltham","United States","null","null"
"null","framingham","United States","null","null"
"null","framingham","United States","null","null"
"null","framingham","United States","null","null"
"null","waltham","United States","null","null"
"null","framingham","United States","null","null"
"null","framingham","United States","null","null"
"null","waltham","United States","null","null"
"null","waltham","United States","null","null"
"null","framingham","United States","null","null"
"null","waltham","United States","null","null"
"null","framingham","United States","null","null"
"null","waltham","United States","null","null"
"null","waltham","United States","null","null"
"null","waltham","United States","null","null"
"null","waltham","United States","null","null"
"null","waltham","United States","null","null"
"null","waltham","United States","null","null"
"null","Portland","USA","null","null"
"null","Cary","USA","null","null"
"null","Portland","USA","null","null"
"null","Cary","USA","null","null"
"null","Vancouver","USA","null","null"
"555555.0","New York","USA","null","null"
"null","null","null","null","null"
"null","Mesa","null","null","null"
"null","Mesa","null","null","null"
"null","Mesa","null","null","null"
"null","Mesa","null","null","null"
"null","Laurens","US","null","null"
"null","Laurens","US","null","null"
"null","Manning","US","null","null"
"null","Olanta","US","null","null"
"null","North Augusta","US","null","null"
"null","Holly Hill","US","null","null"
"null","Anderson","US","null","null"
"null","Greenwood","US","null","null"
"null","Florence","US","null","null"
"null","Florence","US","null","null"
"null","Johns Island","US","null","null"
"null","CHARLESTON","US","null","null"
"null","Fort Mill","US","null","null"
"null","Columbia","US","null","null"
"null","null","US","null","null"
"null","Columbia","US","null","null"
"null","Mount Pleasant","US","null","null"
"null","North Augusta","US","null","null"
"null","Conway","US","null","null"
"null","Thornton","US","null","null"
"null","Columbia","US","null","null"
"null","Kershaw","US","null","null"
"null","AIken","US","null","null"
"null","Moncks Corner","US","null","null"
"null","Moncks Corner","US","null","null"
"null","Moncks Corner","US","null","null"
"null","Hilton Head Island","US","null","null"
"null","Myrtle Beach","US","null","null"
"null","Warrenville","US","null","null"
"null","Saint George","US","null","null"
"null","Hilton Head Island","US","null","null"
"null","Sheldon","US","null","null"
"null","Gaffney","US","null","null"
"null","Charleston","US","null","null"
"null","Spartanburg","US","null","null"
"null","Piedmont","US","null","null"
"null","Loris","US","null","null"
"null","Charleston","US","null","null"
"null","Gaffney","US","null","null"
"null","Columbia","US","null","null"
"null","Mt Pleasant","US","null","null"
"null","Columbia","US","null","null"
"null","Saint Matthews","US","null","null"
"null","Prosperity","US","null","null"
"null","Charleston","US","null","null"
"null","AIken","US","null","null"
"null","Westminster","US","null","null"
"null","Columbia","US","null","null"
"null","York","US","null","null"
"null","Myrtle Beach","US","null","null"
"null","West Columbia","US","null","null"
"null","Charleston","US","null","null"
"null","Pawleys Island","US","null","null"
"null","Spartanburg","US","null","null"
"null","Hartsville","US","null","null"
"null","West Columbia","USA","null","null"
"null","Charleston","US","null","null"
"null","North Charleston","US","null","null"
"null","York","US","null","null"
"null","Aiken","US","null","null"
"null","Aiken","US","null","null"
"null","Fort Mill","USA","null","null"
"null","Cameron","US","null","null"
"null","Sumter","US","null","null"
"null","Holly Hill","USA","null","null"
"null","Manning","USA","null","null"
"null","BARNWELL","USA","null","null"
"null","Daniel Island","USA","null","null"
"null","Spartanburg","USA","null","null"
"null","Myrtle Beach","USA","null","null"
"null","Pageland","USA","null","null"
"null","Pensacola","USA","null","null"
"null","Marion","USA","null","null"
"null","Spartanburg","USA","null","null"
"3.0E7","Little River","USA","null","null"
"null","Clinton","USA","null","null"
"null","Columbia","USA","null","null"
"null","Rock Hill","US","null","null"
"null","Charleston","US","null","null"
"null","Columbia","US","null","null"
"null","Myrtle Beach","US","null","null"
"null","BATESBURG","US","null","null"
"null","Hilton Head Island","US","null","null"
"null","Columbia","US","null","null"
"null","Greer","US","null","null"
"null","Cayce","US","null","null"
"null","Spartanburg","US","null","null"
"null","Charleston","US","null","null"
"null","Summerville","US","null","null"
"null","North Charleston","US","null","null"
"null","Charleston","US","null","null"
"null","BLUFFTON","US","null","null"
"null","Myrtle Beach","US","null","null"
"null","Columbia","US","null","null"
"null","Myrtle Beach","US","null","null"
"null","Hardeeville","US","null","null"
"null","Clemson","US","null","null"
"null","MOUNT PLEASANT","US","null","null"
"null","Longs","US","null","null"
"null","Sullivans Island","US","null","null"
"null","Fort Mill","US","null","null"
"null","Clemson","US","null","null"
"null","Myrtle Beach","US","null","null"
"null","Myrtle Beach","US","null","null"
"null","Prosperity","US","null","null"
"null","BEAUFORT","US","null","null"
"null","Irmo","US","null","null"
"null","Lamar","US","null","null"
"null","Orangeburg","US","null","null"
"null","Abbeville","US","null","null"
"null","Westminster","US","null","null"
"null","Travelers Rest","US","null","null"
"null","Walterboro","US","null","null"
"null","BLUFFTON","US","null","null"
"null","Clinton","US","null","null"
"null","Gaffney","US","null","null"
"null","Rock Hill","US","null","null"
"null","Due West","US","null","null"
"null","Georgetown","US","null","null"
"null","Walterboro","US","null","null"
"null","Clemson","US","null","null"
"null","Seneca","US","null","null"
"null","BENNETTSVILLE","US","null","null"
"null","Charleston","US","null","null"
"null","Laurens","US","null","null"
"null","Orangeburg","US","null","null"
"null","Columbia","US","null","null"
"null","North Myrtle Beach","US","null","null"
"null","BEAUFORT","US","null","null"
"null","Spartanburg","US","null","null"
"null","Camden","US","null","null"
"null","Greenwood","US","null","null"
"null","Hilton Head Island","US","null","null"
"null","Saint Matthews","US","null","null"
"null","BENNETTSVILLE","US","null","null"
"null","West Columbia","US","null","null"
"null","Anderson","US","null","null"
"null","Greer","US","null","null"
"null","Charleston","US","null","null"
"null","Cheraw","US","null","null"
"null","Myrtle Beach","US","null","null"
"null","Simpsonville","US","null","null"
"null","Cayce","US","null","null"
"null","Aynor","US","null","null"
"null","Simpsonville","US","null","null"
"null","Anderson","US","null","null"
"null","Johns Island","US","null","null"
"null","Fort Mill","US","null","null"
"null","Pendleton","US","null","null"
"null","Charleston","US","null","null"
"null","North Charleston","US","null","null"
"null","Columbia","US","null","null"
"null","Edgefield","US","null","null"
"null","Spartanburg","US","null","null"
"null","Walterboro","US","null","null"
"null","Charleston","US","null","null"
"null","Easley","US","null","null"
"null","North Myrtle Beach","US","null","null"
"null","BAMBERG","US","null","null"
"null","Charleston","US","null","null"
"null","Myrtle Beach","US","null","null"
"null","Columbia","US","null","null"
"null","BEAUFORT","US","null","null"
"null","Summerville","US","null","null"
"null","Orangeburg","US","null","null"
"null","Columbia","US","null","null"
"null","Hilton Head Island","US","null","null"
"null","Loris","US","null","null"
"null","Clover","US","null","null"
"null","Taylors","US","null","null"
"null","Columbia","US","null","null"
"null","Winnsboro","US","null","null"
"null","Columbia","US","null","null"
"null","Chapin","US","null","null"
"null","Charleston","US","null","null"
"null","Pendleton","US","null","null"
"null","Columbia","US","null","null"
"null","Columbia","US","null","null"
"null","Greenwood","US","null","null"
"null","Sunset","US","null","null"
"null","Greer","US","null","null"
"null","Hilton Head Island","US","null","null"
"null","Mount Pleasant","US","null","null"
"null","Murrells Inlet","US","null","null"
"null","Charleston","US","null","null"
"null","Piedmont","US","null","null"
"null","Hanahan","US","null","null"
"null","Ninety Six","US","null","null"
"null","Conway","US","null","null"
"null","Myrtle Beach","US","null","null"
"null","Pickens","US","null","null"
"null","Charleston","US","null","null"
"null","Summerville","US","null","null"
"null","Aiken","US","null","null"
"null","Columbia","US","null","null"
"null","Camden","US","null","null"
"null","Columbia","US","null","null"
"null","Charleston","US","null","null"
"null","Myrtle Beach","US","null","null"
"null","BEAUFORT","US","null","null"
"null","Columbia","SG","null","null"
"null","Florence","US","null","null"
"null","Spartanburg","US","null","null"
"null","Timmonsville","US","null","null"
"null","Myrtle Beach","US","null","null"
"null","Charleston","US","null","null"
"null","Hilton Head Island","US","null","null"
"null","Myrtle Beach","US","null","null"
"null","North Myrtle Beach","US","null","null"
"null","Hardeeville","US","null","null"
"null","Daniel Island","US","null","null"
"null","Charleston","US","null","null"
"null","Rock Hill","US","null","null"
"null","Ware Shoals","US","null","null"
"null","Little River","US","null","null"
"null","Fort Mill","US","null","null"
"null","Rock Hill","US","null","null"
"null","Hilton Head Island","US","null","null"
"null","Columbia","US","null","null"
"null","Santee","US","null","null"
"null","Myrtle Beach","US","null","null"
"null","Charleston","US","null","null"
"null","Laurens","US","null","null"
"null","Charleston","US","null","null"
"null","Greenwood","US","null","null"
"null","Rock Hill","US","null","null"
"null","Williamston","US","null","null"
"null","Columbia","CA","null","null"
"null","Kiawah Island","US","null","null"
"null","Charleston","US","null","null"
"null","Duncan","US","null","null"
"null","Anderson","US","null","null"
"null","Columbia","US","null","null"
"null","Charleston","US","null","null"
"null","BENNETTSVILLE","US","null","null"
"null","Pawleys Island","US","null","null"
"null","Lockhart","US","null","null"
"null","North Charleston","US","null","null"
"null","Conway","US","null","null"
"null","Simpsonville","US","null","null"
"null","Simpsonville","US","null","null"
"null","Florence","US","null","null"
"null","Columbia","US","null","null"
"null","Mount Pleasant","US","null","null"
"null","Mauldin","US","null","null"
"null","Lexington","US","null","null"
"null","Hilton Head Island","US","null","null"
"null","Lexington","US","null","null"
"null","Port Royal","US","null","null"
"null","Irmo","US","null","null"
"null","Duncan","US","null","null"
"null","Kingstree","US","null","null"
"null","West Columbia","US","null","null"
"null","Columbia","US","null","null"
"null","Columbia","US","null","null"
"null","Orangeburg","US","null","null"
"null","Charleston","US","null","null"
"null","Charleston","US","null","null"
"null","West Columbia","US","null","null"
"null","Newberry","US","null","null"
"null","BLUFFTON","US","null","null"
"null","Laurens","US","null","null"
"null","Myrtle Beach","US","null","null"
"null","Charleston","US","null","null"
"null","Lexington","US","null","null"
"null","Spartanburg","US","null","null"
"null","North Myrtle Beach","US","null","null"
"null","Columbia","US","null","null"
"null","Fort Mill","US","null","null"
"null","Charleston","US","null","null"
"null","Florence","US","null","null"
"null","Ridgeland","US","null","null"
"null","Hardeeville","US","null","null"
"null","Florence","US","null","null"
"null","Columbia","US","null","null"
"null","Orangeburg","US","null","null"
"null","Pawleys Island","US","null","null"
"null","Gaffney","US","null","null"
"null","Greer","US","null","null"
"null","Rock Hill","US","null","null"
"null","Holly Hill","US","null","null"
"null","Mount Pleasant","US","null","null"
"null","Goose Creek","US","null","null"
"null","Columbia","US","null","null"
"null","null","US","null","null"
"null","columbia","US","null","null"
"null","Sioux Falls","US","null","null"
"null","Mt Pleasant","US","null","null"
"null","Kingstree","US","null","null"
"null","Summerville","US","null","null"
"null","Chesnee","null","null","null"
"null","Hilton Head Island","US","null","null"
"null","Myrtle Beach","US","null","null"
"null","Rock Hill","US","null","null"
"null","null","US","null","null"
"null","Spartanburg","US","null","null"
"null","Charlotte","US","null","null"
"null","Pickens","US","null","null"
"null","Laurens","US","null","null"
"null","Darlington","US","null","null"
"null","Columbia","US","null","null"
"null","Conway","US","null","null"
"null","Newberry","US","null","null"
"null","Hardeeville","US","null","null"
"null","Roebuck","US","null","null"
"null","Laurens","US","null","null"
"null","Kingstree","US","null","null"
"null","Florence","US","null","null"
"null","Greenville","US","null","null"
"null","Pickens","US","null","null"
"null","Greenwood","US","null","null"
"null","Columbia","US","null","null"
"1.16E7","Greenville","US","null","null"
"null","Spartanburg","US","null","null"
"null","Early Branch","US","null","null"
"null","Columbia","US","null","null"
"null","Cayce","US","null","null"
"null","Mt Pleasant","US","null","null"
"null","Greenwood","US","null","null"
"null","Greenville","US","null","null"
"null","Colorado Springs","null","null","null"
"null","Colorado Springs","null","null","null"
"null","Colorado Springs","null","null","null"
"null","Grand Rapids","null","null","null"
"null","Garden City","null","null","null"
"null","Mesilla","null","null","null"
"null","New Port Richey","null","null","null"
"null","Mesilla","null","null","null"
"null","null","US","null","null"
"null","New York","USA","null","null"
"null","Laurens","US","null","null"
"null","Grand Rapids","null","null","null"
"null","Garden City","null","null","null"
"null","Mesilla","null","null","null"
"null","New Port Richey","null","null","null"
"null","Mesilla","null","null","null"
"null","null","US","null","null"
"null","New York","US","null","null"
"null","Laurens","US","null","null"
"null","Payson","USA","null","null"
"null","null","null","null","null"
"null","null","null","null","null"
"null","null","null","null","null"
"null","null","null","null","null"
"null","null","null","null","null"
"null","Orlando","United States","null","null"
"null","null","null","null","null"
"null","null","null","null","null"
"null","Mesa","USA","null","null"
"null","Mesa","USA","null","null"
"null","Mesa","USA","null","null"
"null","Mesa","USA","null","null"
"null","Mesa","USA","null","null"
"null","Mesa","CAN","null","null"
"null","Mesa","USA","null","null"
"2.84E7","Morrisville","United States","null","null"
"null","null","null","null","null"
"1.91E7","Raleigh","United States","null","null"
"3.2E7","Browns Summit","United States","null","null"
"1.5E7","Kinston","United States","null","null"
"null","Olanta","US","null","null"
"null","Boston","USA","null","null"
"null","Braintree","USA","null","null"
"null","Cambridge","USA","null","null"
"null","Charlotte","USA","null","null"
"null","Oxford","USA","null","null"
"555555.0","CHAPEL HILL","USA","null","null"
"555555.0","ARCHDALE","USA","null","null"
"555555.0","ARCHDALE","USA","null","null"
"555555.0","ARCHDALE","USA","null","null"
"null","Eugene","USA","null","null"
"null","Burbank","USA","null","null"
"null","Surrey","CAN","null","null"
"null","Bethel","US","null","null"
"4.02E7","New York","USA","null","null"
"8401904.0","Perry","USA","null","null"
"null","null","null","null","null"
"null","null","null","null","null"
"null","Folly Beach","US","null","null"
"null","Columbia","US","null","null"
"null","Warren","US","null","null"
"null","Warren","US","null","null"
"null","null","null","null","null"
"null","null","null","null","null"
"null","null","null","null","null"
"null","null","USA","null","null"
"null","Stockholm","SWE","null","null"
"null","Edmonton","null","null","null"
"null","Calgary","null","null","null"
"null","Saskatoon","null","null","null"
"null","Regina","null","null","null"
"null","Winnipeg","null","null","null"
"null","Brandon","null","null","null"
"null","Lethbridge","null","null","null"
"1.995E7","Overland Park","USA","null","null"
"1.995E7","Overland Park","USA","null","null"
"null","null","null","null","null"
"null","Gig Harbor","USA","null","null"
"null","Edmonds","USA","null","null"
"null","null","null","null","null"
"null","null","null","null","null"
"555555.0","CHARLESTON","US","null","null"
"null","null","US","null","null"
"null","null","null","null","null"
"null","null","null","null","null"
"null","Greenville","United States","null","null"
"null","Greenville","null","null","null"
"null","Greenville","null","null","null"
"null","York","US","null","null"
"null","Johns Island","US","null","null"
"null","Fort Mill","US","null","null"
"null","Greenville","US","null","null"
"null","Holly Hill","US","null","null"
"null","Greenville","USA","null","null"
"null","Greenville","null","null","null"
"null","Greenville","null","null","null"
"null","Greenville","null","null","null"
"null","null","null","null","null"
"1.0E7","Greensboro","United States","null","null"
"null","Atlanta","US","null","null"
"null","Pensacola","US","null","null"
"null","Tallahassee","US","null","null"
"null","null","null","null","null"
"null","null","null","null","null"
"null","null","null","null","null"
"null","null","null","null","null"
"null","null","null","null","null"
"null","null","null","null","null"
"555555.0","LOS ANGELES","USA","null","null"
"null","Raleigh","US","null","null"
"0.0","Atlanta","null","null","null"
"null","Cary","USA","null","null"
"null","Raleigh","USA","null","null"
"null","Charlotte","US","null","null"
"null","Charlotte","US","null","null"
"null","null","null","null","null"
"null","null","null","null","null"
"null","null","null","null","null"
"null","null","null","null","null"
"null","null","null","null","null"
"null","null","null","null","null"
"null","null","null","null","null"
"null","null","null","null","null"
"null","null","null","null","null"
"null","null","null","null","null"
"null","null","null","null","null"
"null","null","null","null","null"
"null","null","null","null","null"
"null","null","null","null","null"
"null","null","null","null","null"
"null","null","null","null","null"
"null","null","null","null","null"
"null","null","null","null","null"
"null","null","null","null","null"
"null","null","null","null","null"
"null","null","null","null","null"
"null","null","null","null","null"
"null","null","null","null","null"
"null","null","null","null","null"
"null","null","null","null","null"
"null","null","null","null","null"
"null","null","null","null","null"
"null","null","null","null","null"
"null","null","null","null","null"
"null","null","null","null","null"
"null","null","null","null","null"
"null","null","null","null","null"
"null","null","null","null","null"
"null","null","null","null","null"
"null","null","null","null","null"
"null","null","null","null","null"
"null","null","null","null","null"
"null","null","null","null","null"
"null","null","null","null","null"
"null","null","null","null","null"
"null","null","null","null","null"
"null","null","null","null","null"
"null","null","null","null","null"
"null","null","null","null","null"
"null","null","null","null","null"
"null","null","null","null","null"
"null","null","null","null","null"
"null","null","null","null","null"
"null","null","null","null","null"
"null","null","null","null","null"
"null","null","null","null","null"
"null","null","null","null","null"
"null","null","null","null","null"
"null","null","null","null","null"
"null","null","null","null","null"
"null","null","null","null","null"
"null","null","null","null","null"
"null","null","null","null","null"
"null","null","null","null","null"
"null","null","null","null","null"
"null","null","null","null","null"
"null","null","null","null","null"
"null","null","null","null","null"
"null","null","null","null","null"
"null","null","null","null","null"
"null","null","null","null","null"
"null","null","null","null","null"
"null","null","null","null","null"
"null","null","null","null","null"
"null","null","null","null","null"
"null","null","null","null","null"
"null","null","null","null","null"
"null","null","null","null","null"
"null","null","null","null","null"
"null","null","null","null","null"
"null","null","null","null","null"
"null","null","null","null","null"
"null","null","null","null","null"
"null","null","null","null","null"
"null","null","null","null","null"
"null","null","null","null","null"
"null","null","null","null","null"
"null","null","null","null","null"
"null","null","null","null","null"
"null","null","null","null","null"
"null","null","null","null","null"
"null","null","null","null","null"
"null","null","null","null","null"
"null","null","null","null","null"
"null","null","null","null","null"
"null","null","null","null","null"
"null","null","null","null","null"
"null","null","null","null","null"
"null","null","null","null","null"
"null","null","null","null","null"
"null","null","null","null","null"
"null","null","null","null","null"
"null","null","null","null","null"
"null","null","null","null","null"
"null","null","null","null","null"
"null","null","null","null","null"
"null","null","null","null","null"
"null","null","null","null","null"
"null","null","null","null","null"
"null","null","null","null","null"
"null","null","null","null","null"
"null","null","null","null","null"
"null","null","null","null","null"
"null","null","null","null","null"
"null","null","null","null","null"
"null","null","null","null","null"
"null","null","null","null","null"
"null","null","null","null","null"
"null","null","null","null","null"
"null","null","null","null","null"
"null","null","null","null","null"
"null","null","null","null","null"
"null","null","null","null","null"
"null","null","null","null","null"
"null","null","null","null","null"
"null","null","null","null","null"
"null","null","null","null","null"
"null","null","null","null","null"
"null","null","null","null","null"
"null","null","null","null","null"
"null","null","null","null","null"
"null","null","null","null","null"
"null","null","null","null","null"
"null","null","null","null","null"
"null","null","null","null","null"
"null","null","null","null","null"
"null","null","null","null","null"
"null","null","null","null","null"
"null","null","null","null","null"
"null","null","null","null","null"
"null","null","null","null","null"
"null","null","null","null","null"
"null","null","null","null","null"
"null","null","null","null","null"
"null","null","null","null","null"
"null","null","null","null","null"
"null","null","null","null","null"
"null","null","null","null","null"
"null","null","null","null","null"
"null","null","null","null","null"
"null","null","null","null","null"
"null","null","null","null","null"
"null","null","null","null","null"
"null","null","null","null","null"
"null","null","null","null","null"
"null","null","null","null","null"
"null","null","null","null","null"
"null","null","null","null","null"
"null","null","null","null","null"
"null","null","null","null","null"
"null","null","null","null","null"
"null","null","null","null","null"
"null","null","null","null","null"
"null","null","null","null","null"
"null","null","null","null","null"
"null","null","null","null","null"
"null","null","null","null","null"
"null","null","null","null","null"
"null","null","null","null","null"
"null","null","null","null","null"
"null","null","null","null","null"
"null","null","null","null","null"
"null","null","null","null","null"
"null","null","null","null","null"
"null","null","null","null","null"
"null","null","null","null","null"
"null","null","null","null","null"
"null","null","null","null","null"
"null","null","null","null","null"
"null","null","null","null","null"
"null","null","null","null","null"
"null","null","null","null","null"
"null","null","null","null","null"
"null","null","null","null","null"
"null","null","null","null","null"
"null","null","null","null","null"
"null","null","null","null","null"
"null","null","null","null","null"
"null","null","null","null","null"
"null","null","null","null","null"
"null","null","null","null","null"
"null","null","null","null","null"
"null","null","null","null","null"
"null","null","null","null","null"
"null","null","null","null","null"
"null","null","null","null","null"
"null","null","null","null","null"
"null","null","null","null","null"
"null","null","null","null","null"
"null","null","null","null","null"
"null","null","null","null","null"
"null","null","null","null","null"
"null","null","null","null","null"
"null","null","null","null","null"
"null","null","null","null","null"
"null","null","null","null","null"
"null","null","null","null","null"
"null","null","null","null","null"
"null","null","null","null","null"
"null","null","null","null","null"
"null","null","null","null","null"
"null","null","null","null","null"
"null","null","null","null","null"
"null","null","null","null","null"
"null","null","null","null","null"
"null","null","null","null","null"
"null","null","null","null","null"
"null","null","null","null","null"
"null","null","null","null","null"
"null","null","null","null","null"
"null","null","null","null","null"
"null","null","null","null","null"
"null","null","null","null","null"
"null","null","null","null","null"
"null","null","null","null","null"
"null","null","null","null","null"
"null","null","null","null","null"
"null","null","null","null","null"
"null","null","null","null","null"
"null","null","null","null","null"
"null","null","null","null","null"
"null","null","null","null","null"
"null","null","null","null","null"
"null","null","null","null","null"
"null","null","null","null","null"
"null","null","null","null","null"
"null","null","null","null","null"
"null","null","null","null","null"
"null","null","null","null","null"
"null","null","null","null","null"
"null","null","null","null","null"
"null","null","null","null","null"
"null","null","null","null","null"
"null","null","null","null","null"
"null","null","null","null","null"
"null","null","null","null","null"
"null","null","null","null","null"
"null","null","null","null","null"
"null","null","null","null","null"
"null","null","null","null","null"
"null","null","null","null","null"
"null","null","null","null","null"
"null","null","null","null","null"
"null","null","null","null","null"
"null","null","null","null","null"
"null","null","null","null","null"
"null","null","null","null","null"
"null","null","null","null","null"
"null","null","null","null","null"
"null","null","null","null","null"
"null","null","null","null","null"
"null","null","null","null","null"
"null","null","null","null","null"
"null","null","null","null","null"
"null","null","null","null","null"
"null","null","null","null","null"
"null","null","null","null","null"
"null","null","null","null","null"
"null","null","null","null","null"
"null","null","null","null","null"
"null","null","null","null","null"
"null","null","null","null","null"
"null","null","null","null","null"
"null","null","null","null","null"
"null","null","null","null","null"
"null","null","null","null","null"
"null","null","null","null","null"
"null","null","null","null","null"
"null","null","null","null","null"
"null","null","null","null","null"
"null","null","null","null","null"
"null","null","null","null","null"
"null","null","null","null","null"
"null","null","null","null","null"
"null","null","null","null","null"
"null","null","null","null","null"
"null","null","null","null","null"
"null","null","null","null","null"
"null","null","null","null","null"
"null","null","null","null","null"
"null","null","null","null","null"
"null","null","null","null","null"
"null","null","null","null","null"
"null","null","null","null","null"
"null","null","null","null","null"
"null","null","null","null","null"
"null","null","null","null","null"
"null","null","null","null","null"
"null","null","null","null","null"
"null","null","null","null","null"
"null","null","null","null","null"
"null","null","null","null","null"
"null","null","null","null","null"
"null","null","null","null","null"
"null","null","null","null","null"
"null","null","null","null","null"
"null","null","null","null","null"
"null","null","null","null","null"
"null","null","null","null","null"
"null","null","null","null","null"
"null","null","null","null","null"
"null","null","null","null","null"
"null","null","null","null","null"
"null","null","null","null","null"
"null","null","null","null","null"
"null","null","null","null","null"
"null","null","null","null","null"
"null","null","null","null","null"
"null","null","null","null","null"
"null","null","null","null","null"
"null","null","null","null","null"
"null","null","null","null","null"
"null","null","null","null","null"
"null","null","null","null","null"
"null","null","null","null","null"
"null","null","null","null","null"
"null","null","null","null","null"
"null","null","null","null","null"
"null","null","null","null","null"
"null","null","null","null","null"
"null","null","null","null","null"
"null","null","null","null","null"
"null","null","null","null","null"
"null","null","null","null","null"
"null","null","null","null","null"
"null","null","null","null","null"
"null","null","null","null","null"
"null","null","null","null","null"
"null","null","null","null","null"
"null","null","null","null","null"
"null","null","null","null","null"
"null","null","null","null","null"
"null","null","null","null","null"
"null","null","null","null","null"
"null","null","null","null","null"
"null","null","null","null","null"
"null","null","null","null","null"
"null","null","null","null","null"
"null","null","null","null","null"
"null","null","null","null","null"
"null","null","null","null","null"
"null","null","null","null","null"
"null","null","null","null","null"
"null","null","null","null","null"
"null","null","null","null","null"
"null","null","null","null","null"
"null","null","null","null","null"
"null","null","null","null","null"
"null","null","null","null","null"
"null","null","null","null","null"
"null","null","null","null","null"
"null","null","null","null","null"
"null","null","null","null","null"
"null","null","null","null","null"
"null","null","null","null","null"
"null","null","null","null","null"
"null","null","null","null","null"
"null","null","null","null","null"
"null","null","null","null","null"
"null","null","null","null","null"
"null","null","null","null","null"
"null","null","null","null","null"
"null","null","null","null","null"
"null","null","null","null","null"
"null","null","null","null","null"
"null","null","null","null","null"
"null","null","null","null","null"
"null","null","null","null","null"
"null","null","null","null","null"
"null","null","null","null","null"
"null","null","null","null","null"
"null","null","null","null","null"
"null","null","null","null","null"
"null","null","null","null","null"
"null","null","null","null","null"
"null","null","null","null","null"
"null","null","null","null","null"
"null","null","null","null","null"
"null","null","null","null","null"
"null","null","null","null","null"
"null","null","null","null","null"
"null","null","null","null","null"
"null","null","null","null","null"
"null","null","null","null","null"
"null","null","null","null","null"
"null","null","null","null","null"
"null","null","null","null","null"
"null","null","null","null","null"
"null","null","null","null","null"
"null","null","null","null","null"
"null","null","null","null","null"
"null","null","null","null","null"
"null","null","null","null","null"
"null","null","null","null","null"
"null","null","null","null","null"
"null","null","null","null","null"
"null","null","null","null","null"
"null","null","null","null","null"
"null","null","null","null","null"
"null","Asheville","US","null","null"
"null","Greenville","US","null","null"
"null","Rutherfordton","US","null","null"
"null","Fayetteville","United States","null","null"
"null","Wake Forest","USA","null","null"
"null","Cashiers","USA","null","null"
"null","Marietta","USA","null","null"
"null","Sturgis","USA","null","null"
"null","O'Fallon","USA","null","null"
"null","Palo Alto","USA","null","null"
"null","Stedman","US","null","null"
"null","Boone","US","null","null"
"null","Kings Mountain","US","null","null"
"null","Oxford","United States","null","null"
"null","Ketchikan","United States","null","null"
"null","Charlotte","United States","null","null"
"null","Orlando","United States","null","null"
"null","Fremont","United States","null","null"
"null","High Point","United States","null","null"
"null","Hickory","US","null","null"
"null","Norwood","US","null","null"
"null","Hickory","US","null","null"
"null","Winston Salem","US","null","null"
"null","High Point","US","null","null"
"null","Taylorsville","US","null","null"
"null","Morrisville","US","null","null"
"null","High Point","US","null","null"
"null","null","USA","null","null"
"null","Apex","US","null","null"
"null","Hendersonville","US","null","null"
"null","Hendersonville","US","null","null"
"null","null","null","null","null"
"null","null","null","null","null"
"null","null","null","null","null"
"null","null","null","null","null"
"null","null","null","null","null"
"null","null","null","null","null"
"null","null","null","null","null"
"null","null","null","null","null"
"null","null","null","null","null"
"null","null","null","null","null"
"null","null","null","null","null"
"null","null","null","null","null"
"null","null","null","null","null"
"null","null","null","null","null"
"null","null","null","null","null"
"null","null","null","null","null"
"null","null","null","null","null"
"null","null","null","null","null"
"null","null","null","null","null"
"null","null","null","null","null"
"null","null","null","null","null"
"null","null","null","null","null"
"null","null","null","null","null"
"null","null","null","null","null"
"null","null","null","null","null"
"null","null","null","null","null"
"null","null","null","null","null"
"null","null","null","null","null"
"null","null","null","null","null"
"null","null","null","null","null"
"null","null","null","null","null"
"null","null","null","null","null"
"null","null","null","null","null"
"null","null","null","null","null"
"null","null","null","null","null"
"null","null","null","null","null"
"null","null","null","null","null"
"null","null","null","null","null"
"null","null","null","null","null"
"null","null","null","null","null"
"null","null","null","null","null"
"null","null","null","null","null"
"null","null","null","null","null"
"null","null","null","null","null"
"null","null","null","null","null"
"null","null","null","null","null"
"null","null","null","null","null"
"null","null","null","null","null"
"null","null","null","null","null"
"null","null","null","null","null"
"null","null","null","null","null"
"null","null","null","null","null"
"null","null","null","null","null"
"null","null","null","null","null"
"null","null","null","null","null"
"null","null","null","null","null"
"null","null","null","null","null"
"null","null","null","null","null"
"null","null","null","null","null"
"null","null","null","null","null"
"null","null","null","null","null"
"null","null","null","null","null"
"null","null","null","null","null"
"null","null","null","null","null"
"null","null","null","null","null"
"null","null","null","null","null"
"null","null","null","null","null"
"null","null","null","null","null"
"null","null","null","null","null"
"null","null","null","null","null"
"null","null","null","null","null"
"null","null","null","null","null"
"null","null","null","null","null"
"null","null","null","null","null"
"null","null","null","null","null"
"null","null","null","null","null"
"null","null","null","null","null"
"null","null","null","null","null"
"null","null","null","null","null"
"null","null","null","null","null"
"null","null","null","null","null"
"null","null","null","null","null"
"null","null","null","null","null"
"null","null","null","null","null"
"null","null","null","null","null"
"null","null","null","null","null"
"null","null","null","null","null"
"null","null","null","null","null"
"null","null","null","null","null"
"null","null","null","null","null"
"null","null","null","null","null"
"null","null","null","null","null"
"null","null","null","null","null"
"null","null","null","null","null"
"null","null","null","null","null"
"null","null","null","null","null"
"null","null","null","null","null"
"null","null","null","null","null"
"null","null","null","null","null"
"null","null","null","null","null"
"null","null","null","null","null"
"null","null","null","null","null"
"null","null","null","null","null"
"null","null","null","null","null"
"null","null","null","null","null"
"null","null","null","null","null"
"null","null","null","null","null"
"null","null","null","null","null"
"null","null","null","null","null"
"null","null","null","null","null"
"null","null","null","null","null"
"null","null","null","null","null"
"null","null","null","null","null"
"null","null","null","null","null"
"null","null","null","null","null"
"null","null","null","null","null"
"null","null","null","null","null"
"null","null","null","null","null"
"null","null","null","null","null"
"null","null","null","null","null"
"null","null","null","null","null"
"null","null","null","null","null"
"null","null","null","null","null"
"null","null","null","null","null"
"null","null","null","null","null"
"null","null","null","null","null"
"null","null","null","null","null"
"null","null","null","null","null"
"null","null","null","null","null"
"null","null","null","null","null"
"null","null","null","null","null"
"null","null","null","null","null"
"null","null","null","null","null"
"null","null","null","null","null"
"null","null","null","null","null"
"null","null","null","null","null"
"null","null","null","null","null"
"null","null","null","null","null"
"null","null","null","null","null"
"null","null","null","null","null"
"null","null","null","null","null"
"null","null","null","null","null"
"null","null","null","null","null"
"null","null","null","null","null"
"null","null","null","null","null"
"null","null","null","null","null"
"null","null","null","null","null"
"null","null","null","null","null"
"null","null","null","null","null"
"null","null","null","null","null"
"null","null","null","null","null"
"null","null","null","null","null"
"null","null","null","null","null"
"null","null","null","null","null"
"null","null","null","null","null"
"null","null","null","null","null"
"null","null","null","null","null"
"null","null","null","null","null"
"null","null","null","null","null"
"null","null","null","null","null"
"null","null","null","null","null"
"null","null","null","null","null"
"null","null","null","null","null"
"null","null","null","null","null"
"null","null","null","null","null"
"null","null","null","null","null"
"null","null","null","null","null"
"null","null","null","null","null"
"null","null","null","null","null"
"null","null","null","null","null"
"null","null","null","null","null"
"null","null","null","null","null"
"null","null","null","null","null"
"null","null","null","null","null"
"null","null","null","null","null"
"null","null","null","null","null"
"null","null","null","null","null"
"null","null","null","null","null"
"null","null","null","null","null"
"null","null","null","null","null"
"null","null","null","null","null"
"null","null","null","null","null"
"null","null","null","null","null"
"null","null","null","null","null"
"null","null","null","null","null"
"null","null","null","null","null"
"null","null","null","null","null"
"null","null","null","null","null"
"null","null","null","null","null"
"null","null","null","null","null"
"null","null","null","null","null"
"null","null","null","null","null"
"null","null","null","null","null"
"null","null","null","null","null"
"null","null","null","null","null"
"null","null","null","null","null"
"null","null","null","null","null"
"null","null","null","null","null"
"null","null","null","null","null"
"null","null","null","null","null"
"null","null","null","null","null"
"null","null","null","null","null"
"null","null","null","null","null"
"null","null","null","null","null"
"null","null","null","null","null"
"null","null","null","null","null"
"null","null","null","null","null"
"null","null","null","null","null"
"null","null","null","null","null"
"null","null","null","null","null"
"null","null","null","null","null"
"null","null","null","null","null"
"null","null","null","null","null"
"null","null","null","null","null"
"null","null","null","null","null"
"null","null","null","null","null"
"null","null","null","null","null"
"null","null","null","null","null"
"null","null","null","null","null"
"null","null","null","null","null"
"null","null","null","null","null"
"null","null","null","null","null"
"null","null","null","null","null"
"null","null","null","null","null"
"null","null","null","null","null"
"null","null","null","null","null"
"null","null","null","null","null"
"null","null","null","null","null"
"null","null","null","null","null"
"null","null","null","null","null"
"null","null","null","null","null"
"null","null","null","null","null"
"null","null","null","null","null"
"null","null","null","null","null"
"null","null","null","null","null"
"null","null","null","null","null"
"null","null","null","null","null"
"null","null","null","null","null"
"null","null","null","null","null"
"null","null","null","null","null"
"null","null","null","null","null"
"null","null","null","null","null"
"null","null","null","null","null"
"null","null","null","null","null"
"null","null","null","null","null"
"null","null","null","null","null"
"null","null","null","null","null"
"null","null","null","null","null"
"null","null","null","null","null"
"null","null","null","null","null"
"null","null","null","null","null"
"null","null","null","null","null"
"null","null","null","null","null"
"null","null","null","null","null"
"null","null","null","null","null"
"null","null","null","null","null"
"null","null","null","null","null"
"null","null","null","null","null"
"null","null","null","null","null"
"null","null","null","null","null"
"null","null","null","null","null"
"null","null","null","null","null"
"null","null","null","null","null"
"null","null","null","null","null"
"null","null","null","null","null"
"null","null","null","null","null"
"null","null","null","null","null"
"null","null","null","null","null"
"null","null","null","null","null"
"null","null","null","null","null"
"null","null","null","null","null"
"null","null","null","null","null"
"null","null","null","null","null"
"null","null","null","null","null"
"null","null","null","null","null"
"null","null","null","null","null"
"null","null","null","null","null"
"null","null","null","null","null"
"null","null","null","null","null"
"null","null","null","null","null"
"null","null","null","null","null"
"null","null","null","null","null"
"null","null","null","null","null"
"null","null","null","null","null"
"null","null","null","null","null"
"null","null","null","null","null"
"null","null","null","null","null"
"null","null","null","null","null"
"null","null","null","null","null"
"null","null","null","null","null"
"null","null","null","null","null"
"null","null","null","null","null"
"null","null","null","null","null"
"null","null","null","null","null"
"null","null","null","null","null"
"null","null","null","null","null"
"null","null","null","null","null"
"null","null","null","null","null"
"null","null","null","null","null"
"null","null","null","null","null"
"null","null","null","null","null"
"null","null","null","null","null"
"null","null","null","null","null"
"null","null","null","null","null"
"null","null","null","null","null"
"null","null","null","null","null"
"null","null","null","null","null"
"null","null","null","null","null"
"null","null","null","null","null"
"null","null","null","null","null"
"null","null","null","null","null"
"null","null","null","null","null"
"null","null","null","null","null"
"null","null","null","null","null"
"null","null","null","null","null"
"null","null","null","null","null"
"null","null","null","null","null"
"null","null","null","null","null"
"null","null","null","null","null"
"null","null","null","null","null"
"null","null","null","null","null"
"null","null","null","null","null"
"null","null","null","null","null"
"null","null","null","null","null"
"null","null","null","null","null"
"null","null","null","null","null"
"null","null","null","null","null"
"null","null","null","null","null"
"null","null","null","null","null"
"null","null","null","null","null"
"null","null","null","null","null"
"null","null","null","null","null"
"null","null","null","null","null"
"null","null","null","null","null"
"null","null","null","null","null"
"null","null","null","null","null"
"null","null","null","null","null"
"null","null","null","null","null"
"null","null","null","null","null"
"null","null","null","null","null"
"null","null","null","null","null"
"null","null","null","null","null"
"null","null","null","null","null"
"null","null","null","null","null"
"null","null","null","null","null"
"null","null","null","null","null"
"null","null","null","null","null"
"null","null","null","null","null"
"null","null","null","null","null"
"null","null","null","null","null"
"null","null","null","null","null"
"null","null","null","null","null"
"null","null","null","null","null"
"null","null","null","null","null"
"null","null","null","null","null"
"null","null","null","null","null"
"null","null","null","null","null"
"null","null","null","null","null"
"null","null","null","null","null"
"null","null","null","null","null"
"null","null","null","null","null"
"null","null","null","null","null"
"null","null","null","null","null"
"null","null","null","null","null"
"null","null","null","null","null"
"null","null","null","null","null"
"null","null","null","null","null"
"null","null","null","null","null"
"null","null","null","null","null"
"null","null","null","null","null"
"null","null","null","null","null"
"null","null","null","null","null"
"null","null","null","null","null"
"null","null","null","null","null"
"null","null","null","null","null"
"null","null","null","null","null"
"null","null","null","null","null"
"null","null","null","null","null"
"null","null","null","null","null"
"null","null","null","null","null"
"null","null","null","null","null"
"null","null","null","null","null"
"null","null","null","null","null"
"null","null","null","null","null"
"null","null","null","null","null"
"null","null","null","null","null"
"null","null","null","null","null"
"null","null","null","null","null"
"null","null","null","null","null"
"null","null","null","null","null"
"null","null","null","null","null"
"null","null","null","null","null"
"null","null","null","null","null"
"null","null","null","null","null"
"null","null","null","null","null"
"null","null","null","null","null"
"null","null","null","null","null"
"null","null","null","null","null"
"null","null","null","null","null"
"null","null","null","null","null"
"null","null","null","null","null"
"null","null","null","null","null"
"null","null","null","null","null"
"null","null","null","null","null"
"null","null","null","null","null"
"null","null","null","null","null"
"null","null","null","null","null"
"null","null","null","null","null"
"null","null","null","null","null"
"null","null","null","null","null"
"null","null","null","null","null"
"null","null","null","null","null"
"null","null","null","null","null"
"null","null","null","null","null"
"null","null","null","null","null"
"null","null","null","null","null"
"null","null","null","null","null"
"null","null","null","null","null"
"null","null","null","null","null"
"null","null","null","null","null"
"null","null","null","null","null"
"null","null","null","null","null"
"null","null","null","null","null"
"null","null","null","null","null"
"null","null","null","null","null"
"null","null","null","null","null"
"null","null","null","null","null"
"null","null","null","null","null"
"null","null","null","null","null"
"null","null","null","null","null"
"null","null","null","null","null"
"null","null","null","null","null"
"null","null","null","null","null"
"null","null","null","null","null"
"null","null","null","null","null"
"null","null","null","null","null"
"null","null","null","null","null"
"null","null","null","null","null"
"null","null","null","null","null"
"null","null","null","null","null"
"null","null","null","null","null"
"null","null","null","null","null"
"null","null","null","null","null"
"null","null","null","null","null"
"null","null","null","null","null"
"null","null","null","null","null"
"null","null","null","null","null"
"null","null","null","null","null"
"null","null","null","null","null"
"null","null","null","null","null"
"null","null","null","null","null"
"null","null","null","null","null"
"null","null","null","null","null"
"null","null","null","null","null"
"null","null","null","null","null"
"null","null","null","null","null"
"null","null","null","null","null"
"null","null","null","null","null"
"null","null","null","null","null"
"null","null","null","null","null"
"null","null","null","null","null"
"null","null","null","null","null"
"null","null","null","null","null"
"null","null","null","null","null"
"null","null","null","null","null"
"null","null","null","null","null"
"null","null","null","null","null"
"null","null","null","null","null"
"null","null","null","null","null"
"null","null","null","null","null"
"null","null","null","null","null"
"null","null","null","null","null"
"null","null","null","null","null"
"null","null","null","null","null"
"null","null","null","null","null"
"null","null","null","null","null"
"null","null","null","null","null"
"null","null","null","null","null"
"null","null","null","null","null"
"null","null","null","null","null"
"null","null","null","null","null"
"null","null","null","null","null"
"null","null","null","null","null"
"null","null","null","null","null"
"null","null","null","null","null"
"null","null","null","null","null"
"null","null","null","null","null"
"null","null","null","null","null"
"null","null","null","null","null"
"null","null","null","null","null"
"null","null","null","null","null"
"null","null","null","null","null"
"null","null","null","null","null"
"null","null","null","null","null"
"null","null","null","null","null"
"null","null","null","null","null"
"null","null","null","null","null"
"null","null","null","null","null"
"null","null","null","null","null"
"null","null","null","null","null"
"null","null","null","null","null"
"null","null","null","null","null"
"null","null","null","null","null"
"null","null","null","null","null"
"null","null","null","null","null"
"null","null","null","null","null"
"null","null","null","null","null"
"null","null","null","null","null"
"null","null","null","null","null"
"null","null","null","null","null"
"null","null","null","null","null"
"null","null","null","null","null"
"null","null","null","null","null"
"null","null","null","null","null"
"null","null","null","null","null"
"null","null","null","null","null"
"null","null","null","null","null"
"null","null","null","null","null"
"null","null","null","null","null"
"null","null","null","null","null"
"null","null","null","null","null"
"null","null","null","null","null"
"null","null","null","null","null"
"null","null","null","null","null"
"null","null","null","null","null"
"null","null","null","null","null"
"null","null","null","null","null"
"null","null","null","null","null"
"null","null","null","null","null"
"null","null","null","null","null"
"null","null","null","null","null"
"null","null","null","null","null"
"null","null","null","null","null"
"null","null","null","null","null"
"null","null","null","null","null"
"null","null","null","null","null"
"null","null","null","null","null"
"null","null","null","null","null"
"null","null","null","null","null"
"null","null","null","null","null"
"null","null","null","null","null"
"null","null","null","null","null"
"null","null","null","null","null"
"null","null","null","null","null"
"null","null","null","null","null"
"null","null","null","null","null"
"null","null","null","null","null"
"null","null","null","null","null"
"null","null","null","null","null"
"null","null","null","null","null"
"null","null","null","null","null"
"null","null","null","null","null"
"null","null","null","null","null"
"null","null","null","null","null"
"null","null","null","null","null"
"null","null","null","null","null"
"null","null","null","null","null"
"null","null","null","null","null"
"null","null","null","null","null"
"null","null","null","null","null"
"null","null","null","null","null"
"null","null","null","null","null"
"null","null","null","null","null"
"null","null","null","null","null"
"null","null","null","null","null"
"null","null","null","null","null"
"null","null","null","null","null"
"null","null","null","null","null"
"null","null","null","null","null"
"null","null","null","null","null"
"null","null","null","null","null"
"null","null","null","null","null"
"null","null","null","null","null"
"null","null","null","null","null"
"null","null","null","null","null"
"null","null","null","null","null"
"null","null","null","null","null"
"null","null","null","null","null"
"null","null","null","null","null"
"null","null","null","null","null"
"null","null","null","null","null"
"null","null","null","null","null"
"null","null","null","null","null"
"null","null","null","null","null"
"null","null","null","null","null"
"null","null","null","null","null"
"null","null","null","null","null"
"null","null","null","null","null"
"null","null","null","null","null"
"null","null","null","null","null"
"null","null","null","null","null"
"null","null","null","null","null"
"null","null","null","null","null"
"null","null","null","null","null"
"null","null","null","null","null"
"null","null","null","null","null"
"null","null","null","null","null"
"null","null","null","null","null"
"null","null","null","null","null"
"null","null","null","null","null"
"null","null","null","null","null"
"null","null","null","null","null"
"null","null","null","null","null"
"null","null","null","null","null"
"null","null","null","null","null"
"null","null","null","null","null"
"null","null","null","null","null"
"null","null","null","null","null"
"null","null","null","null","null"
"null","null","null","null","null"
"null","null","null","null","null"
"null","null","null","null","null"
"null","null","null","null","null"
"null","null","null","null","null"
"null","null","null","null","null"
"null","null","null","null","null"
"null","null","null","null","null"
"null","null","null","null","null"
"null","null","null","null","null"
"null","null","null","null","null"
"null","null","null","null","null"
"null","null","null","null","null"
"null","null","null","null","null"
"null","null","null","null","null"
"null","null","null","null","null"
"null","null","null","null","null"
"null","null","null","null","null"
"null","null","null","null","null"
"null","null","null","null","null"
"null","null","null","null","null"
"null","null","null","null","null"
"null","null","null","null","null"
"null","null","null","null","null"
"null","null","null","null","null"
"null","null","null","null","null"
"null","null","null","null","null"
"null","null","null","null","null"
"null","null","null","null","null"
"null","null","null","null","null"
"null","null","null","null","null"
"null","null","null","null","null"
"null","null","null","null","null"
"null","null","null","null","null"
"null","null","null","null","null"
"null","null","null","null","null"
"null","null","null","null","null"
"null","null","null","null","null"
"null","null","null","null","null"
"null","null","null","null","null"
"null","null","null","null","null"
"null","null","null","null","null"
"null","null","null","null","null"
"null","null","null","null","null"
"null","null","null","null","null"
"null","null","null","null","null"
"null","null","null","null","null"
"null","null","null","null","null"
"null","null","null","null","null"
"null","null","null","null","null"
"null","null","null","null","null"
"null","null","null","null","null"
"null","null","null","null","null"
"null","null","null","null","null"
"null","null","null","null","null"
"null","null","null","null","null"
"null","null","null","null","null"
"null","null","null","null","null"
"null","null","null","null","null"
"null","null","null","null","null"
"null","null","null","null","null"
"null","null","null","null","null"
"null","null","null","null","null"
"null","null","null","null","null"
"null","null","null","null","null"
"null","null","null","null","null"
"null","null","null","null","null"
"null","null","null","null","null"
"null","null","null","null","null"
"null","null","null","null","null"
"null","null","null","null","null"
"null","null","null","null","null"
"null","null","null","null","null"
"null","null","null","null","null"
"null","null","null","null","null"
"null","null","null","null","null"
"null","null","null","null","null"
"null","null","null","null","null"
"null","null","null","null","null"
"null","null","null","null","null"
"null","null","null","null","null"
"null","null","null","null","null"
"null","null","null","null","null"
"null","null","null","null","null"
"null","null","null","null","null"
"null","null","null","null","null"
"null","null","null","null","null"
"null","null","null","null","null"
"null","null","null","null","null"
"null","null","null","null","null"
"null","null","null","null","null"
"null","null","null","null","null"
"null","null","null","null","null"
"null","null","null","null","null"
"null","null","null","null","null"
"null","null","null","null","null"
"null","null","null","null","null"
"null","null","null","null","null"
"null","null","null","null","null"
"null","null","null","null","null"
"null","null","null","null","null"
"null","null","null","null","null"
"null","null","null","null","null"
"null","null","null","null","null"
"null","null","null","null","null"
"null","null","null","null","null"
"null","null","null","null","null"
"null","null","null","null","null"
"null","null","null","null","null"
"null","null","null","null","null"
"null","null","null","null","null"
"null","null","null","null","null"
"null","null","null","null","null"
"null","null","null","null","null"
"null","null","null","null","null"
"null","null","null","null","null"
"null","null","null","null","null"
"null","null","null","null","null"
"null","null","null","null","null"
"null","null","null","null","null"
"null","null","null","null","null"
"null","null","null","null","null"
"null","null","null","null","null"
"null","null","null","null","null"
"null","null","null","null","null"
"null","null","null","null","null"
"null","null","null","null","null"
"null","null","null","null","null"
"null","null","null","null","null"
"null","null","null","null","null"
"null","null","null","null","null"
"null","null","null","null","null"
"null","null","null","null","null"
"null","null","null","null","null"
"null","null","null","null","null"
"null","null","null","null","null"
"null","null","null","null","null"
"null","null","null","null","null"
"null","null","null","null","null"
"null","null","null","null","null"
"null","null","null","null","null"
"null","null","null","null","null"
"null","null","null","null","null"
"null","null","null","null","null"
"null","null","null","null","null"
"null","null","null","null","null"
"null","null","null","null","null"
"null","null","null","null","null"
"null","null","null","null","null"
"null","null","null","null","null"
"null","null","null","null","null"
"null","null","null","null","null"
"null","null","null","null","null"
"null","null","null","null","null"
"null","null","null","null","null"
"null","null","null","null","null"
"null","null","null","null","null"
"null","null","null","null","null"
"null","null","null","null","null"
"null","null","null","null","null"
"null","null","null","null","null"
"null","null","null","null","null"
"null","null","null","null","null"
"null","null","null","null","null"
"null","null","null","null","null"
"null","null","null","null","null"
"null","null","null","null","null"
"null","null","null","null","null"
"null","null","null","null","null"
"null","null","null","null","null"
"null","null","null","null","null"
"null","null","null","null","null"
"null","null","null","null","null"
"null","null","null","null","null"
"null","null","null","null","null"
"null","null","null","null","null"
"null","null","null","null","null"
"null","null","null","null","null"
"null","null","null","null","null"
"null","null","null","null","null"
"null","null","null","null","null"
"null","null","null","null","null"
"null","null","null","null","null"
"null","null","null","null","null"
"null","null","null","null","null"
"null","null","null","null","null"
"null","null","null","null","null"
"1.0E7","Augusta","USA","null","null"
"1.25E7","Lewiston","USA","null","null"
"1.01E7","Mexico","USA","null","null"
"3.36E7","BAR HARBOR","USA","null","null"
"3.03E7","BATH","USA","null","null"
"5.0E7","Augusta","USA","null","null"
"1.8E7","Augusta","USA","null","null"
"4.22E7","Gorham","USA","null","null"
"2.2E7","Gorham","USA","null","null"
"null","Pittsfield","USA","null","null"
"null","Presque Isle","USA","null","null"
"null","Dexter","USA","null","null"
"null","Madison","USA","null","null"
"null","Gotham","USA","null","null"
"null","Saco","USA","null","null"
"null","Portland","USA","null","null"
"null","Old Towne","USA","null","null"
"null","Kennebunk","USA","null","null"
"null","Portland","USA","null","null"
"null","Lewiston","USA","null","null"
"null","Augusta","USA","null","null"
"null","Nobleboro","USA","null","null"
"null","York","USA","null","null"
"null","Raymond","USA","null","null"
"null","Waterville","USA","null","null"
"null","Gorham","USA","null","null"
"null","Portland","USA","null","null"
"null","Sanford","USA","null","null"
"null","Westbrook","USA","null","null"
"null","Millinocket","USA","null","null"
"null","Kennebunk","USA","null","null"
"null","Calais","USA","null","null"
"null","Lewiston","USA","null","null"
"null","Scarborough","USA","null","null"
"null","Waterville","USA","null","null"
"null","Presque Isle","USA","null","null"
"4.7E7","Portland","USA","null","null"
"22.5","Monson","USA","null","null"
"1.33E7","Presque Isle","USA","null","null"
"1.0E7","Portland","USA","null","null"
"1.16E7","Rumford","USA","null","null"
"null","Auburn","USA","null","null"
"null","North Yarmouth","USA","null","null"
"null","Glenburn","USA","null","null"
"null","Winthrop","USA","null","null"
"null","Portland","USA","null","null"
"null","Westbrook","USA","null","null"
"null","Falmouth","USA","null","null"
"null","Damariscotta","USA","null","null"
"null","BANGOR","USA","null","null"
"null","BANGOR","USA","null","null"
"null","Portland","USA","null","null"
"null","Portland","USA","null","null"
"null","Portland","USA","null","null"
"null","Augusta","USA","null","null"
"null","Gorham","USA","null","null"
"4.841E7","Sanford","USA","null","null"
"null","Norridgewock","USA","null","null"
"null","Windham","USA","null","null"
"null","Auburn","USA","null","null"
"null","Waterboro","USA","null","null"
"null","Augusta","USA","null","null"
"null","Auburn","USA","null","null"
"null","Oakland","USA","null","null"
"null","Limington","USA","null","null"
"null","BATH","USA","null","null"
"null","Gardiner","USA","null","null"
"null","Carmel","USA","null","null"
"null","Scarborough","USA","null","null"
"null","Gorham","USA","null","null"
"1.66E7","Waterville","USA","null","null"
"null","Newcastle","USA","null","null"
"null","Augusta","USA","null","null"
"null","Wayne","USA","null","null"
"null","Falmouth","USA","null","null"
"null","Falmouth","USA","null","null"
"null","Augusta","USA","null","null"
"1.81E7","Sanford","USA","null","null"
"null","West Minot","USA","null","null"
"null","Portland","USA","null","null"
"1.22E7","Portland","USA","null","null"
"1.14E7","Waterville","USA","null","null"
"2.5E7","South Portland","USA","null","null"
"4.406E7","Auburn","USA","null","null"
"null","Raymond","USA","null","null"
"null","Sanford","USA","null","null"
"null","Farmingdale","USA","null","null"
"null","Augusta","USA","null","null"
"null","Thomaston","USA","null","null"
"null","Biddeford","USA","null","null"
"null","Winthrop","USA","null","null"
"null","Auburn","USA","null","null"
"null","Vinalhaven","USA","null","null"
"null","Clinton","USA","null","null"
"null","Standish","USA","null","null"
"null","Rockland","USA","null","null"
"null","Falmouth","USA","null","null"
"1.45E7","Bangor","USA","null","null"
"null","Turner","USA","null","null"
"null","Gorham","USA","null","null"
"null","York","USA","null","null"
"null","Searsport","USA","null","null"
"null","Waldoboro","USA","null","null"
"null","Houlton","USA","null","null"
"null","Lewiston","USA","null","null"
"null","So. West Harbor","USA","null","null"
"null","Waterville","USA","null","null"
"null","Portland","USA","null","null"
"null","Westbrook","USA","null","null"
"2.394E7","Portland","USA","null","null"
"null","AUburn","USA","null","null"
"null","Westbrook","USA","null","null"
"null","Gorham","USA","null","null"
"null","Camden","SGP","null","null"
"null","So. Portland","USA","null","null"
"null","Old Town","USA","null","null"
"null","York","USA","null","null"
"null","Gorham","USA","null","null"
"null","Scarborough","USA","null","null"
"null","Gorham","USA","null","null"
"null","Gotham","USA","null","null"
"null","Saco","USA","null","null"
"null","Sanford","USA","null","null"
"null","Thomaston","SGP","null","null"
"null","Cape Elizabeth","USA","null","null"
"null","Portland","USA","null","null"
"null","Freeport","USA","null","null"
"null","Gorham","USA","null","null"
"null","South Berwick","USA","null","null"
"null","null","USA","null","null"
"null","Waterville","USA","null","null"
"null","Westbrook","USA","null","null"
"null","Kennebunk","USA","null","null"
"null","Portland","USA","null","null"
"null","Auburn","CAN","null","null"
"3.77E7","Presque Isle","USA","null","null"
"null","New Gloucester","USA","null","null"
"null","Madison","USA","null","null"
"null","New Limerick","USA","null","null"
"null","Gardiner","USA","null","null"
"null","Yarmouth","USA","null","null"
"null","Round Pond","USA","null","null"
"null","Westbrook","USA","null","null"
"null","Scarborough","USA","null","null"
"null","Eliot","USA","null","null"
"null","Matinicus","USA","null","null"
"null","Presque Isle","USA","null","null"
"null","Lyman","USA","null","null"
"null","Augusta","USA","null","null"
"null","Augusta","USA","null","null"
"null","South Paris","USA","null","null"
"null","Ogunquit","USA","null","null"
"null","Winslow","USA","null","null"
"null","Westrockport","USA","null","null"
"null","Milford","USA","null","null"
"null","Gorham","USA","null","null"
"null","York","USA","null","null"
"null","Gorham","USA","null","null"
"null","Wakefield","USA","null","null"
"null","South Portland","USA","null","null"
"null","MILLINOCKET","USA","null","null"
"null","South Portland","USA","null","null"
"null","Old Orchard Beach","USA","null","null"
"null","Old Town","USA","null","null"
"null","Scarborough","USA","null","null"
"null","Kenduskeag","USA","null","null"
"null","Rockland","USA","null","null"
"null","Scarborough","USA","null","null"
"null","Gotham","USA","null","null"
"null","New Gloucester","USA","null","null"
"null","Waterville","USA","null","null"
"null","Lyman","USA","null","null"
"1.476E7","Auburn","USA","null","null"
"null","Kittery","USA","null","null"
"null","Portland","USA","null","null"
"null","Nichols","USA","null","null"
"null","Portland","USA","null","null"
"null","Portland","USA","null","null"
"null","Lewiston","USA","null","null"
"null","Gorham","USA","null","null"
"null","Sidney","USA","null","null"
"null","Gorham","USA","null","null"
"null","Kittery","USA","null","null"
"null","Auburn","USA","null","null"
"null","Sanford","USA","null","null"
"null","South Portland","USA","null","null"
"null","Portland","USA","null","null"
"null","Rockport","USA","null","null"
"1.38E7","Portland","USA","null","null"
"null","Kennebunkport","USA","null","null"
"null","Oakfield","USA","null","null"
"null","null","USA","null","null"
"null","Vinalhaven","USA","null","null"
"4.73E7","Damariscotta","USA","null","null"
"4.18E7","Portland","USA","null","null"
"2.82E7","Calais","USA","null","null"
"4.44E7","Kittery","USA","null","null"
"4.43E7","Damariscotta","USA","null","null"
"3.854E7","Presque Isle","USA","null","null"
"2.56E7","Millinocket","USA","null","null"
"2.89E7","Sanford","USA","null","null"
"1.99E7","Sanford","USA","null","null"
"4.35E7","York","USA","null","null"
"3.053E7","Portland","USA","null","null"
"4.73E7","Damariscotta","USA","null","null"
"1.8E7","Augusta","USA","null","null"
"1.5E7","Milbridge","USA","null","null"
"3.42E7","Machias","USA","null","null"
"2.88E7","Portland","USA","null","null"
"1.55E7","Waterville","USA","null","null"
"4.44E7","Kittery","USA","null","null"
"2.51E7","Lewiston","USA","null","null"
"4.82E7","Gotham","USA","null","null"
"4.8E7","Norway","USA","null","null"
"2.5E7","Guilford","USA","null","null"
"2.5E7","Guilford","USA","null","null"
"2.81E7","Norwell","USA","null","null"
"1.33E7","Livermore Falls","USA","null","null"
"1.06E7","Phillips","USA","null","null"
"2.92E7","Fairfield","USA","null","null"
"1.13E7","Unity","USA","null","null"
"4.24E7","Augusta","USA","null","null"
"1.52E7","Portland","USA","null","null"
"1.95E7","Auburn","USA","null","null"
"3.828E7","Augusta","USA","null","null"
"1.12E7","Auburn","USA","null","null"
"1.165E7","Mechanic Falls","CAN","null","null"
"2.82E7","Portland","USA","null","null"
"1.01E7","Lewiston","USA","null","null"
"3.168E7","Norway","USA","null","null"
"2.147E7","Mars Hill","USA","null","null"
"null","null","null","null","null"
"null","null","null","null","null"
"null","North Yarmouth","null","null","null"
"8.0E7","Portland","USA","null","null"
"8950.0","South Portland","null","null","null"
"555555.0","PORTLAND","USA","null","null"
"null","null","USA","null","null"
"null","Yarmouth","USA","null","null"
"null","Round Pond","USA","null","null"
"null","Westbrook","USA","null","null"
"null","Saco","USA","null","null"
"null","Eliot","USA","null","null"
"null","Matinicus","USA","null","null"
"null","Presque Isle","USA","null","null"
"null","Lyman","USA","null","null"
"null","Augusta","USA","null","null"
"null","Eliot","USA","null","null"
"null","Eliot","USA","null","null"
"1.0E7","Raleigh","United States","null","null"
"null","Yarmouth","USA","null","null"
"null","Westbrook","USA","null","null"
"null","Eliot","USA","null","null"
"null","Matinicus","USA","null","null"
"null","Presque Isle","USA","null","null"
"null","Lyman","USA","null","null"
"null","Augusta","USA","null","null"
"null","Yarmouth","USA","null","null"
"null","Presque Isle","USA","null","null"
"null","Augusta","USA","null","null"
"null","Yarmouth","USA","null","null"
"null","Round Pond","USA","null","null"
"null","Presque Isle","USA","null","null"
"null","Augusta","USA","null","null"
"null","Yarmouth","USA","null","null"
"null","Round Pond","USA","null","null"
"null","Westbrook","USA","null","null"
"null","Presque Isle","USA","null","null"
"null","Lyman","USA","null","null"
"null","Augusta","USA","null","null"
"null","Eliot","USA","null","null"
"null","Augusta","USA","null","null"
"null","Augusta","USA","null","null"
"null","Yarmouth","USA","null","null"
"null","Matinicus","USA","null","null"
"null","Lyman","USA","null","null"
"null","Yarmouth","USA","null","null"
"null","Yarmouth","USA","null","null"
"null","Lyman","USA","null","null"
"null","Augusta","USA","null","null"
"null","Yarmouth","USA","null","null"
"null","Lyman","USA","null","null"
"null","null","null","null","null"
"null","null","null","null","null"
"null","null","null","null","null"
"null","null","null","null","null"
"null","null","null","null","null"
"null","Lyman","USA","null","null"
"null","framingham","United States","null","null"